Vendor_Name,Regulatory_Coverage,Geographic_Coverage,API_Quality,Compliance_Features,Security,GDPR,UAE_Compatibility,EU_Compatibility,Pricing,SLA,Implementation_Time,Weighted_Score,Status
Sumsub,,,,,,,,,,,,NOT_EVALUATED
Onfido,,,,,,,,,,,,NOT_EVALUATED
Veriff,,,,,,,,,,,,NOT_EVALUATED
Jumio,,,,,,,,,,,,NOT_EVALUATED
Trulioo,,,,,,,,,,,,NOT_EVALUATED
IdentityMind (Enacted),,,,,,,,,,,,NOT_EVALUATED
Chainalysis,,,,,,,,,,,,NOT_EVALUATED
Elliptic,,,,,,,,,,,,NOT_EVALUATED
ComplyAdvantage,,,,,,,,,,,,NOT_EVALUATED
Passbase,,,,,,,,,,,,NOT_EVALUATED
